{
    "registries": [
        {
            "name": "arm",
            "kind": "artifact",
            "location": "https://artifacts.tools.arm.com/vcpkg-registry"
        }
    ],
    "requires": {
        "arm:tools/kitware/cmake": "3.28.4",
        "arm:compilers/arm/armclang": "6.23.0",
        "arm:compilers/arm/arm-none-eabi-gcc": "14.2.1",
        "arm:compilers/arm/llvm-embedded": "19.1.5",
        "arm:tools/open-cmsis-pack/cmsis-toolbox": "2.7.0",
        "arm:models/arm/avh-fvp": "11.27.31",
        "arm:debuggers/arm/armdbg": "6.3.0",
        "arm:tools/ninja-build/ninja": "1.12.0"
    }
}